-- --------------------------------------------------------
-- Host:                         127.0.0.1
-- Versione server:              11.8.2-MariaDB - mariadb.org binary distribution
-- S.O. server:                  Win64
-- HeidiSQL Versione:            12.11.0.7065
-- --------------------------------------------------------

/*!40101 SET @OLD_CHARACTER_SET_CLIENT=@@CHARACTER_SET_CLIENT */;
/*!40101 SET NAMES utf8 */;
/*!50503 SET NAMES utf8mb4 */;
/*!40103 SET @OLD_TIME_ZONE=@@TIME_ZONE */;
/*!40103 SET TIME_ZONE='+00:00' */;
/*!40014 SET @OLD_FOREIGN_KEY_CHECKS=@@FOREIGN_KEY_CHECKS, FOREIGN_KEY_CHECKS=0 */;
/*!40101 SET @OLD_SQL_MODE=@@SQL_MODE, SQL_MODE='NO_AUTO_VALUE_ON_ZERO' */;
/*!40111 SET @OLD_SQL_NOTES=@@SQL_NOTES, SQL_NOTES=0 */;


-- Dump della struttura del database guardaroba
CREATE DATABASE IF NOT EXISTS `guardaroba` /*!40100 DEFAULT CHARACTER SET utf8mb4 COLLATE utf8mb4_uca1400_ai_ci */;
USE `guardaroba`;

-- Dump della struttura di tabella guardaroba.abbinamento
CREATE TABLE IF NOT EXISTS `abbinamento` (
  `id_colore` int(11) NOT NULL,
  `id_abbinato` int(11) NOT NULL,
  PRIMARY KEY (`id_colore`,`id_abbinato`),
  KEY `id_abbinato` (`id_abbinato`),
  CONSTRAINT `abbinamento_ibfk_1` FOREIGN KEY (`id_colore`) REFERENCES `colore` (`id`),
  CONSTRAINT `abbinamento_ibfk_2` FOREIGN KEY (`id_abbinato`) REFERENCES `colore` (`id`)
) ENGINE=InnoDB DEFAULT CHARSET=utf8mb4 COLLATE=utf8mb4_uca1400_ai_ci;

-- Dump dei dati della tabella guardaroba.abbinamento: ~220 rows (circa)
INSERT INTO `abbinamento` (`id_colore`, `id_abbinato`) VALUES
	(1, 1),
	(1, 2),
	(1, 3),
	(1, 6),
	(1, 8),
	(1, 9),
	(1, 11),
	(1, 12),
	(1, 14),
	(1, 15),
	(1, 18),
	(2, 1),
	(2, 2),
	(2, 3),
	(2, 4),
	(2, 5),
	(2, 6),
	(2, 8),
	(2, 9),
	(2, 10),
	(2, 11),
	(2, 12),
	(2, 13),
	(2, 14),
	(2, 15),
	(2, 16),
	(2, 17),
	(3, 1),
	(3, 2),
	(3, 3),
	(3, 4),
	(3, 5),
	(3, 6),
	(3, 7),
	(3, 8),
	(3, 9),
	(3, 10),
	(3, 11),
	(3, 12),
	(3, 13),
	(3, 14),
	(3, 15),
	(3, 16),
	(3, 17),
	(3, 18),
	(4, 2),
	(4, 3),
	(4, 4),
	(4, 5),
	(4, 6),
	(4, 8),
	(4, 9),
	(4, 10),
	(4, 11),
	(4, 12),
	(4, 14),
	(4, 15),
	(4, 16),
	(4, 17),
	(4, 18),
	(5, 2),
	(5, 3),
	(5, 4),
	(5, 5),
	(5, 6),
	(5, 7),
	(5, 8),
	(5, 9),
	(5, 10),
	(5, 11),
	(5, 12),
	(5, 13),
	(5, 16),
	(5, 17),
	(5, 18),
	(6, 1),
	(6, 2),
	(6, 3),
	(6, 4),
	(6, 5),
	(6, 6),
	(6, 7),
	(6, 8),
	(6, 10),
	(6, 12),
	(6, 13),
	(6, 14),
	(6, 17),
	(6, 18),
	(7, 3),
	(7, 5),
	(7, 6),
	(7, 7),
	(7, 8),
	(7, 10),
	(7, 12),
	(7, 13),
	(7, 14),
	(7, 17),
	(7, 18),
	(8, 1),
	(8, 2),
	(8, 3),
	(8, 4),
	(8, 5),
	(8, 6),
	(8, 7),
	(8, 8),
	(8, 9),
	(8, 10),
	(8, 11),
	(8, 13),
	(8, 16),
	(8, 17),
	(8, 18),
	(9, 1),
	(9, 2),
	(9, 3),
	(9, 4),
	(9, 5),
	(9, 8),
	(9, 9),
	(9, 10),
	(9, 11),
	(9, 14),
	(9, 16),
	(10, 2),
	(10, 3),
	(10, 4),
	(10, 5),
	(10, 6),
	(10, 7),
	(10, 8),
	(10, 9),
	(10, 10),
	(10, 11),
	(10, 13),
	(10, 15),
	(10, 16),
	(10, 17),
	(10, 18),
	(11, 1),
	(11, 2),
	(11, 3),
	(11, 4),
	(11, 5),
	(11, 8),
	(11, 9),
	(11, 10),
	(11, 11),
	(11, 12),
	(11, 13),
	(11, 14),
	(11, 15),
	(11, 16),
	(12, 1),
	(12, 2),
	(12, 3),
	(12, 4),
	(12, 5),
	(12, 6),
	(12, 7),
	(12, 11),
	(12, 12),
	(12, 13),
	(12, 15),
	(12, 16),
	(13, 2),
	(13, 3),
	(13, 5),
	(13, 6),
	(13, 7),
	(13, 8),
	(13, 10),
	(13, 11),
	(13, 12),
	(13, 13),
	(13, 14),
	(13, 16),
	(13, 17),
	(13, 18),
	(14, 1),
	(14, 2),
	(14, 3),
	(14, 4),
	(14, 6),
	(14, 7),
	(14, 9),
	(14, 11),
	(14, 13),
	(14, 14),
	(14, 15),
	(15, 1),
	(15, 2),
	(15, 3),
	(15, 4),
	(15, 10),
	(15, 11),
	(15, 12),
	(15, 14),
	(15, 15),
	(15, 16),
	(16, 2),
	(16, 3),
	(16, 4),
	(16, 5),
	(16, 8),
	(16, 9),
	(16, 10),
	(16, 11),
	(16, 12),
	(16, 13),
	(16, 15),
	(16, 16),
	(16, 17),
	(17, 2),
	(17, 3),
	(17, 4),
	(17, 5),
	(17, 6),
	(17, 7),
	(17, 8),
	(17, 10),
	(17, 13),
	(17, 16),
	(17, 17),
	(17, 18),
	(18, 1),
	(18, 3),
	(18, 4),
	(18, 5),
	(18, 6),
	(18, 7),
	(18, 8),
	(18, 10),
	(18, 13),
	(18, 17),
	(18, 18);

-- Dump della struttura di tabella guardaroba.capo
CREATE TABLE IF NOT EXISTS `capo` (
  `id` int(11) NOT NULL AUTO_INCREMENT,
  `tipo` varchar(50) NOT NULL,
  `sottotipo` varchar(50) NOT NULL,
  `colore` varchar(50) DEFAULT NULL,
  `stagione` varchar(50) DEFAULT NULL,
  `occasione` varchar(50) DEFAULT NULL,
  `marca` varchar(100) DEFAULT NULL,
  PRIMARY KEY (`id`) USING BTREE
) ENGINE=InnoDB AUTO_INCREMENT=251 DEFAULT CHARSET=utf8mb4 COLLATE=utf8mb4_uca1400_ai_ci;

-- Dump dei dati della tabella guardaroba.capo: ~170 rows (circa)
INSERT INTO `capo` (`id`, `tipo`, `sottotipo`, `colore`, `stagione`, `occasione`, `marca`) VALUES
	(1, 'Capospalla', 'Giacca', 'Nero', 'Autunno/Primavera', 'Formale', 'Zara'),
	(2, 'Capospalla', 'Piumino', 'Blu', 'Inverno', 'Casual', 'North Face'),
	(3, 'Capospalla', 'Trench', 'Beige', 'Autunno/Primavera', 'Casual', 'Burberry'),
	(4, 'Capospalla', 'Piumino', 'Azzurro', 'Inverno', 'Sportivo', 'H&M'),
	(5, 'Capospalla', 'Cappotto', 'Marrone', 'Inverno', 'Formale', 'Calliope'),
	(6, 'Capospalla', 'Blazer', 'Verde', 'Autunno/Primavera', 'Formale', 'Stradivarius'),
	(7, 'Capospalla', 'Parka', 'Grigio', 'Inverno', 'Casual', 'Terranova'),
	(8, 'Capospalla', 'Giacca', 'Viola', 'Autunno/Primavera', 'Casual', 'H&M'),
	(9, 'Capospalla', 'Blazer', 'Nero', 'Autunno/Primavera', 'Formale', 'Dolce & Gabbana'),
	(10, 'Capospalla', 'Giubbotto', 'Marrone', 'Inverno', 'Sportivo', 'Nike'),
	(11, 'Capospalla', 'Piumino', 'Avorio', 'Inverno', 'Sportivo', 'Vans'),
	(13, 'Capospalla', 'Cappotto', 'Grigio', 'Inverno', 'Casual', 'Stradivarius'),
	(14, 'Capospalla', 'Piumino', 'Verde', 'Autunno/Primavera', 'Sportivo', 'Nike'),
	(15, 'Capospalla', 'Cardigan', 'Azzurro', 'Inverno', 'Casual', 'Balenciaga'),
	(16, 'Capospalla', 'Giacca', 'Rosso', 'Autunno/Primavera', 'Formale', 'Zara'),
	(17, 'Capospalla', 'Cardigan', 'Senape', 'Inverno', 'Formale', 'Zara'),
	(18, 'Capospalla', 'Giubbotto', 'Lilla', 'Inverno', 'Casual', 'Calliope'),
	(19, 'Capospalla', 'Giacca', 'Beige', 'Autunno/Primavera', 'Formale', 'Prada'),
	(21, 'Capospalla', 'Trench', 'Nero', 'Autunno/Primavera', 'Formale', 'Pull&Bear'),
	(23, 'Capospalla', 'Cardigan', 'Marrone', 'Inverno', 'Casual', 'Liu Jo'),
	(27, 'Capospalla', 'Giacca', 'Blu', 'Autunno/Primavera', 'Casual', 'Burberry'),
	(28, 'Capospalla', 'Cardigan', 'Giallo', 'Autunno/Primavera', 'Casual', 'Calliope'),
	(29, 'Capospalla', 'Cappotto', 'Nero', 'Inverno', 'Formale', 'Elisabetta Franchi'),
	(30, 'Capospalla', 'Giacca', 'Rosa', 'Autunno/Primavera', 'Formale', 'Stradivarius'),
	(31, 'Capospalla', 'Pelliccia', 'Nero', 'Inverno', 'Formale', 'Pull&Bear'),
	(34, 'Inferiore', 'Jeans', 'Blu', 'Inverno', 'Casual', 'Levi\'s'),
	(35, 'Inferiore', 'Pantaloni', 'Nero', 'Inverno', 'Formale', 'Armani'),
	(36, 'Inferiore', 'Pantaloncini', 'Beige', 'Estate', 'Casual', 'H&M'),
	(37, 'Inferiore', 'Minigonna', 'Viola', 'Inverno', 'Formale', 'Pull&Bear'),
	(38, 'Inferiore', 'Pantaloni', 'Bianco', 'Autunno/Primavera', 'Formale', 'H&M'),
	(39, 'Inferiore', 'Pantaloni', 'Avorio', 'Autunno/Primavera', 'Casual', 'Calliope'),
	(40, 'Inferiore', 'Gonna lunga', 'Marrone', 'Estate', 'Formale', 'Zara'),
	(41, 'Inferiore', 'Gonna lunga', 'Nero', 'Estate', 'Formale', 'Stradivarius'),
	(42, 'Inferiore', 'Jeans', 'Nero', 'Inverno', 'Casual', 'Levi\'s'),
	(43, 'Inferiore', 'Jeans', 'Grigio', 'Autunno/Primavera', 'Casual', 'Liu Jo'),
	(44, 'Inferiore', 'Minigonna', 'Rosso', 'Estate', 'Casual', 'Terranova'),
	(45, 'Inferiore', 'Gonna lunga', 'Rosso', 'Autunno/Primavera', 'Formale', 'Zara'),
	(46, 'Inferiore', 'Pantaloncini', 'Senape', 'Autunno/Primavera', 'Casual', 'H&M'),
	(47, 'Inferiore', 'Minigonna', 'Nero', 'Estate', 'Formale', 'Elisabetta Franchi'),
	(48, 'Inferiore', 'Leggins', 'Grigio', 'Autunno/Primavera', 'Sportivo', 'Adidas'),
	(49, 'Inferiore', 'Cargo', 'Avorio', 'Inverno', 'Casual', 'Armani'),
	(50, 'Inferiore', 'Leggins', 'Blu', 'Inverno', 'Sportivo', 'North Face'),
	(51, 'Inferiore', 'Minigonna', 'Fucsia', 'Autunno/Primavera', 'Casual', 'Terranova'),
	(52, 'Inferiore', 'Pantaloncini', 'Bianco', 'Autunno/Primavera', 'Formale', 'Guess'),
	(53, 'Inferiore', 'Gonna lunga', 'Avorio', 'Autunno/Primavera', 'Formale', 'Max Mara'),
	(54, 'Inferiore', 'Cargo', 'Beige', 'Autunno/Primavera', 'Casual', 'Primark'),
	(55, 'Inferiore', 'Cargo', 'Verde', 'Inverno', 'Casual', 'Zara'),
	(56, 'Inferiore', 'Tuta', 'Grigio', 'Inverno', 'Sportivo', 'Adidas'),
	(57, 'Inferiore', 'Pantaloni', 'Azzurro', 'Autunno/Primavera', 'Formale', 'Dolce & Gabbana'),
	(58, 'Inferiore', 'Gonna lunga', 'Nero', 'Inverno', 'Formale', 'Guess'),
	(59, 'Inferiore', 'Minigonna', 'Senape', 'Estate', 'Casual', 'Primark'),
	(60, 'Inferiore', 'Leggins', 'Nero', 'Inverno', 'Sportivo', 'Nike'),
	(61, 'Inferiore', 'Pantaloncini', 'Fucsia', 'Estate', 'Sportivo', 'Adidas'),
	(62, 'Inferiore', 'Tuta', 'Marrone', 'Inverno', 'Sportivo', 'Puma'),
	(63, 'Inferiore', 'Tuta', 'Beige', 'Autunno/Primavera', 'Sportivo', 'Vans'),
	(64, 'Inferiore', 'Gonna lunga', 'Azzurro', 'Estate', 'Casual', 'Nike'),
	(65, 'Inferiore', 'Pantaloncini', 'Nero', 'Inverno', 'Formale', 'Guess'),
	(66, 'Inferiore', 'Pantaloni', 'Giallo', 'Autunno/Primavera', 'Formale', 'Dolce & Gabbana'),
	(67, 'Inferiore', 'Pantaloncini', 'Nero', 'Estate', 'Sportivo', 'Adidas'),
	(68, 'Inferiore', 'Jeans', 'Azzurro', 'Autunno/Primavera', 'Casual', 'Mango'),
	(69, 'Inferiore', 'Pantaloni', 'Beige', 'Estate', 'Formale', 'Stradivarius'),
	(70, 'Inferiore', 'Pantaloni', 'Avorio', 'Estate', 'Casual', 'Calliope'),
	(71, 'Inferiore', 'Jeans', 'Blu', 'Autunno/Primavera', 'Casual', 'Primark'),
	(72, 'Inferiore', 'Pantaloni', 'Verde', 'Estate', 'Casual', 'Pull&Bear'),
	(73, 'Inferiore', 'Pantaloncini', 'Grigio', 'Estate', 'Sportivo', 'Reebok'),
	(97, 'Intero', 'Abito corto', 'Rosso', 'Estate', 'Formale', 'Guess'),
	(98, 'Intero', 'Abito lungo', 'Rosa', 'Estate', 'Formale', 'Max Mara'),
	(99, 'Intero', 'Jumpsuit', 'Verde', 'Autunno/Primavera', 'Casual', 'Mango'),
	(100, 'Intero', 'Abito lungo', 'Marrone', 'Autunno/Primavera', 'Casual', 'Stradivarius'),
	(101, 'Intero', 'Abito corto', 'Avorio', 'Inverno', 'Formale', 'H&M'),
	(102, 'Intero', 'Jumpsuit', 'Lilla', 'Autunno/Primavera', 'Casual', 'Primark'),
	(103, 'Intero', 'Jumpsuit', 'Blu', 'Autunno/Primavera', 'Sportivo', 'Puma'),
	(104, 'Intero', 'Jumpsuit', 'Nero', 'Inverno', 'Sportivo', 'Nike'),
	(105, 'Intero', 'Abito lungo', 'Verde', 'Estate', 'Formale', 'Armani'),
	(106, 'Intero', 'Jumpsuit', 'Grigio', 'Autunno/Primavera', 'Sportivo', 'Nike'),
	(107, 'Intero', 'Jumpsuit', 'Rosso', 'Estate', 'Casual', 'Prada'),
	(108, 'Intero', 'Jumpsuit', 'Avorio', 'Estate', 'Sportivo', 'Balenciaga'),
	(109, 'Intero', 'Abito lungo', 'Giallo', 'Estate', 'Casual', 'Calliope'),
	(110, 'Intero', 'Abito corto', 'Viola', 'Inverno', 'Casual', 'Max Mara'),
	(111, 'Intero', 'Abito lungo', 'Bordeaux', 'Autunno/Primavera', 'Formale', 'Burberry'),
	(112, 'Intero', 'Abito corto', 'Nero', 'Autunno/Primavera', 'Casual', 'Mango'),
	(113, 'Intero', 'Abito corto', 'Bianco', 'Estate', 'Formale', 'Pull&Bear'),
	(114, 'Intero', 'Jumpsuit', 'Viola', 'Inverno', 'Casual', 'Mango'),
	(115, 'Intero', 'Abito corto', 'Marrone', 'Estate', 'Formale', 'Stradivarius'),
	(116, 'Intero', 'Abito lungo', 'Senape', 'Estate', 'Casual', 'Terranova'),
	(117, 'Intero', 'Jumpsuit', 'Bordeaux', 'Inverno', 'Formale', 'Armani'),
	(118, 'Intero', 'Abito corto', 'Viola', 'Estate', 'Sportivo', 'Adidas'),
	(119, 'Intero', 'Abito corto', 'Blu', 'Estate', 'Formale', 'Prada'),
	(128, 'Scarpe', 'Sneakers', 'Bianco', 'Autunno/Primavera', 'Casual', 'Adidas'),
	(129, 'Scarpe', 'Stivali', 'Beige', 'Inverno', 'Casual', 'Timberland'),
	(130, 'Scarpe', 'Sandali', 'Marrone', 'Estate', 'Casual', 'Birkenstock'),
	(131, 'Scarpe', 'Sandali', 'Senape', 'Estate', 'Formale', 'Zara'),
	(132, 'Scarpe', 'Sneakers', 'Grigio', 'Inverno', 'Casual', 'Levi\'s'),
	(133, 'Scarpe', 'Anfibi', 'Nero', 'Inverno', 'Formale', 'Dr Martens'),
	(134, 'Scarpe', 'Scarpe da ginnastica', 'Blu', 'Estate', 'Sportivo', 'Reebok'),
	(135, 'Scarpe', 'Anfibi', 'Beige', 'Inverno', 'Formale', 'Guess'),
	(136, 'Scarpe', 'Anfibi', 'Bordeaux', 'Inverno', 'Casual', 'Armani'),
	(137, 'Scarpe', 'Sandali', 'Verde', 'Estate', 'Formale', 'Prada'),
	(138, 'Scarpe', 'Mocassini', 'Viola', 'Autunno/Primavera', 'Casual', 'Max Mara'),
	(139, 'Scarpe', 'Scarpe da ginnastica', 'Grigio', 'Autunno/Primavera', 'Sportivo', 'Puma'),
	(140, 'Scarpe', 'Tacchi', 'Marrone', 'Estate', 'Formale', 'Prada'),
	(141, 'Scarpe', 'Stivali', 'Nero', 'Inverno', 'Formale', 'Zara'),
	(142, 'Scarpe', 'Tacchi', 'Avorio', 'Autunno/Primavera', 'Formale', 'Primadonna'),
	(143, 'Scarpe', 'Sandali', 'Lilla', 'Estate', 'Casual', 'Primadonna'),
	(144, 'Scarpe', 'Ballerine', 'Lilla', 'Autunno/Primavera', 'Casual', 'Chanel'),
	(145, 'Scarpe', 'Ballerine', 'Rosa', 'Autunno/Primavera', 'Casual', 'Mango'),
	(146, 'Scarpe', 'Sandali', 'Avorio', 'Estate', 'Formale', 'Guess'),
	(147, 'Scarpe', 'Stivali', 'Verde', 'Inverno', 'Formale', 'Prada'),
	(148, 'Scarpe', 'Sandali', 'Blu', 'Estate', 'Formale', 'Mango'),
	(149, 'Scarpe', 'Sneakers', 'Avorio', 'Estate', 'Casual', 'New Balance'),
	(150, 'Scarpe', 'Tacchi', 'Fucsia', 'Estate', 'Formale', 'Primadonna'),
	(151, 'Scarpe', 'Sandali', 'Marrone', 'Estate', 'Casual', 'Primark'),
	(152, 'Scarpe', 'Sneakers', 'Marrone', 'Autunno/Primavera', 'Casual', 'Vans'),
	(153, 'Scarpe', 'Mocassini', 'Beige', 'Autunno/Primavera', 'Casual', 'Chanel'),
	(154, 'Scarpe', 'Sneakers', 'Verde', 'Inverno', 'Casual', 'Nike'),
	(155, 'Scarpe', 'Sneakers', 'Nero', 'Inverno', 'Casual', 'Adidas'),
	(156, 'Scarpe', 'Tacchi', 'Nero', 'Inverno', 'Formale', 'Elisabetta Franchi'),
	(157, 'Scarpe', 'Scarpe da ginnastica', 'Bianco', 'Inverno', 'Sportivo', 'Nike'),
	(159, 'Superiore', 'Maglietta', 'Blu', 'Estate', 'Casual', 'Zara'),
	(160, 'Superiore', 'Camicia', 'Bianco', 'Autunno/Primavera', 'Formale', 'Elisabetta Franchi'),
	(161, 'Superiore', 'Felpa', 'Grigio', 'Inverno', 'Sportivo', 'Nike'),
	(162, 'Superiore', 'Polo', 'Azzurro', 'Estate', 'Casual', 'Armani'),
	(163, 'Superiore', 'Canottiera', 'Arancione', 'Estate', 'Sportivo', 'Balenciaga'),
	(164, 'Superiore', 'Felpa', 'Verde', 'Inverno', 'Sportivo', 'Zara'),
	(165, 'Superiore', 'Maglione', 'Rosso', 'Inverno', 'Casual', 'Mango'),
	(166, 'Superiore', 'Camicia', 'Verde', 'Estate', 'Casual', 'Stradivarius'),
	(167, 'Superiore', 'Maglione', 'Lilla', 'Inverno', 'Formale', 'Mango'),
	(168, 'Superiore', 'Dolcevita', 'Blu', 'Inverno', 'Casual', 'Levi\'s'),
	(169, 'Superiore', 'Felpa', 'Bordeaux', 'Inverno', 'Sportivo', 'Fila'),
	(170, 'Superiore', 'Maglione', 'Giallo', 'Inverno', 'Casual', 'Mango'),
	(171, 'Superiore', 'Dolcevita', 'Nero', 'Inverno', 'Formale', 'Chanel'),
	(172, 'Superiore', 'Blusa', 'Beige', 'Autunno/Primavera', 'Formale', 'Zara'),
	(173, 'Superiore', 'Camicia', 'Bianco', 'Autunno/Primavera', 'Formale', 'Armani'),
	(174, 'Superiore', 'Polo', 'Beige', 'Estate', 'Casual', 'Fila'),
	(175, 'Superiore', 'Maglione', 'Marrone', 'Autunno/Primavera', 'Casual', 'Stradivarius'),
	(176, 'Superiore', 'Maglietta', 'Senape', 'Estate', 'Sportivo', 'Reebok'),
	(177, 'Superiore', 'Camicia', 'Azzurro', 'Autunno/Estate', 'Casual', 'Burberry'),
	(178, 'Superiore', 'Polo', 'Giallo', 'Estate', 'Formale', 'Gucci'),
	(179, 'Superiore', 'Camicia', 'Grigio', 'Estate', 'Casual', 'H&M'),
	(180, 'Superiore', 'Dolcevita', 'Viola', 'Inverno', 'Formale', 'Terranova'),
	(181, 'Superiore', 'Felpa', 'Giallo', 'Inverno', 'Sportivo', 'Adidas'),
	(182, 'Superiore', 'Maglione', 'Rosso', 'Autunno/Primavera', 'Casual', 'Zara'),
	(183, 'Superiore', 'Blusa', 'Lilla', 'Autunno/Primavera', 'Formale', 'Burberry'),
	(184, 'Superiore', 'Camicia', 'Rosa', 'Estate', 'Casual', 'Mango'),
	(185, 'Superiore', 'Maglietta', 'Avorio', 'Estate', 'Sportivo', 'Timberland'),
	(186, 'Superiore', 'Maglione', 'Rosa', 'Inverno', 'Formale', 'Levi\'s'),
	(187, 'Superiore', 'Canottiera', 'Blu', 'Estate', 'Sportivo', 'Adidas'),
	(188, 'Superiore', 'Felpa', 'Bordeaux', 'Inverno', 'Sportivo', 'Prada'),
	(189, 'Superiore', 'Blusa', 'Nero', 'Autunno/Primavera', 'Casual', 'Mango'),
	(190, 'Superiore', 'Maglietta', 'Verde', 'Autunno/Primavera', 'Casual', 'Terranova'),
	(191, 'Superiore', 'Maglione', 'Verde', 'Inverno', 'Formale', 'Guess'),
	(192, 'Superiore', 'Canottiera', 'Giallo', 'Estate', 'Casual', 'Levi\'s'),
	(193, 'Superiore', 'Dolcevita', 'Blu', 'Inverno', 'Casual', 'Calliope'),
	(194, 'Superiore', 'Blusa', 'Rosa', 'Autunno/Primavera', 'Formale', 'Gucci'),
	(195, 'Superiore', 'Maglietta', 'Arancione', 'Estate', 'Formale', 'Armani'),
	(196, 'Superiore', 'Dolcevita', 'Verde', 'Inverno', 'Casual', 'Timberland'),
	(197, 'Superiore', 'Blusa', 'Bianco', 'Autunno/Primavera', 'Formale', 'Elisabetta Franchi'),
	(198, 'Superiore', 'Blusa', 'Beige', 'Estate', 'Casual', 'Primark'),
	(199, 'Superiore', 'Canottiera', 'Bianco', 'Estate', 'Sportivo', 'Vans'),
	(200, 'Superiore', 'Canottiera', 'Giallo', 'Estate', 'Casual', 'Mango'),
	(201, 'Superiore', 'Maglione', 'Blu', 'Inverno', 'Formale', 'Zara'),
	(223, 'Superiore', 'Canottiera', 'Fucsia', 'Estate', 'Sportivo', 'Diadora'),
	(240, 'Superiore', 'Maglietta', 'Lilla', 'Estate', 'Casual', 'Ovs'),
	(243, 'Superiore', 'Camicia', 'Verde', 'Autunno/Primavera', 'Casual', 'Mango'),
	(244, 'Intero', 'Abito corto', 'Verde', 'Autunno/Primavera', 'Casual', 'Piazza Italia'),
	(245, 'Superiore', 'Maglietta', 'Rosso', 'Autunno/Primavera', 'Sportivo', 'Puma'),
	(246, 'Inferiore', 'Leggins', 'Blu', 'Autunno/Primavera', 'Sportivo', 'Diadora'),
	(248, 'Capospalla', 'Giacca', 'Bianco', 'Autunno/Primavera', 'Sportivo', 'Converse'),
	(249, 'Superiore', 'Maglione', 'Arancione', 'Inverno', 'Casual', 'Piazza Italia'),
	(250, 'Superiore', 'Polo', 'Arancione', 'Autunno/Primavera', 'Casual', 'Primark');

-- Dump della struttura di tabella guardaroba.colore
CREATE TABLE IF NOT EXISTS `colore` (
  `id` int(11) NOT NULL AUTO_INCREMENT,
  `nome` varchar(50) NOT NULL,
  PRIMARY KEY (`id`),
  UNIQUE KEY `nome` (`nome`)
) ENGINE=InnoDB AUTO_INCREMENT=19 DEFAULT CHARSET=utf8mb4 COLLATE=utf8mb4_uca1400_ai_ci;

-- Dump dei dati della tabella guardaroba.colore: ~18 rows (circa)
INSERT INTO `colore` (`id`, `nome`) VALUES
	(1, 'Nero'),
	(2, 'Bianco'),
	(3, 'Grigio'),
	(4, 'Blu'),
	(5, 'Azzurro'),
	(6, 'Beige'),
	(7, 'Marrone'),
	(8, 'Avorio'),
	(9, 'Rosso'),
	(10, 'Rosa'),
	(11, 'Fucsia'),
	(12, 'Giallo'),
	(13, 'Verde'),
	(14, 'Arancione'),
	(15, 'Viola'),
	(16, 'Lilla'),
	(17, 'Senape'),
	(18, 'Bordeaux');

/*!40103 SET TIME_ZONE=IFNULL(@OLD_TIME_ZONE, 'system') */;
/*!40101 SET SQL_MODE=IFNULL(@OLD_SQL_MODE, '') */;
/*!40014 SET FOREIGN_KEY_CHECKS=IFNULL(@OLD_FOREIGN_KEY_CHECKS, 1) */;
/*!40101 SET CHARACTER_SET_CLIENT=@OLD_CHARACTER_SET_CLIENT */;
/*!40111 SET SQL_NOTES=IFNULL(@OLD_SQL_NOTES, 1) */;
